{
  "schemaVersion": 1,
  "id": "iframe-overhaul",
  "version": "${version}",

  "name": "I-Frame Overhaul",
  "description": "This is an example description! Tell everyone what your mod is about!",
  "authors": [
    "Zombieseatflesh7"
  ],
  "contact": {
    "homepage": "https://fabricmc.net/",
    "sources": "https://github.com/FabricMC/fabric-example-mod"
  },

  "license": "MIT",
  "icon": "assets/modid/icon.png",

  "environment": "*",
  "entrypoints": {
    "main": [
      "net.zombieseatflesh7.iframeoverhaul.IFrameMod"
    ]
  },
  "mixins": [
    "iframe-overhaul.mixins.json"
  ],

  "depends": {
    "fabricloader": ">=0.14.6",
    "fabric": "*",
    "minecraft": "~1.18.2",
    "java": ">=17"
  },
  "suggests": {
    "another-mod": "*"
  }
}
